<?xml version="1.0" encoding="UTF-8"?>
<project-private xmlns="http://www.netbeans.org/ns/project-private/1">
    <editor-bookmarks xmlns="http://www.netbeans.org/ns/editor-bookmarks/2" lastBookmarkId="0"/>
    <open-files xmlns="http://www.netbeans.org/ns/projectui-open-files/2">
        <group>
            <file>file:/C:/Users/AyaJouni/Documents/NetBeansProjects/Blood_Bank_Management%202/Blood_Bank_Management%202/src/Blood%20group.png</file>
            <file>file:/C:/Users/AyaJouni/Documents/NetBeansProjects/Blood_Bank_Management%202/Blood_Bank_Management%202/src/allDonorDetails.java</file>
            <file>file:/C:/Users/AyaJouni/Documents/NetBeansProjects/Blood_Bank_Management%202/Blood_Bank_Management%202/src/login.java</file>
        </group>
    </open-files>
</project-private>
